"cca2","country","pop2022","pop2021","pop2020","pop2050","pop2030","pop2015","pop2010","pop2000","pop1990","pop1980","pop1970","area","landAreaKm","density","GrowthRate","WorldPercentage","rank"
"CN","China","1425887.3370","1425893.465","1424929.781","1312636.325","1415605.906","1393715.448","1348191.368","1264099.069","1153704.252","982372.466","822534.450","9706961","9424702.9000","151.2926","1.0000","0.1788","1"
"IN","India","1417173.1730","1407563.842","1396387.127","1670490.596","1514994.080","1322866.505","1240613.620","1059633.675","870452.165","696828.385","557501.301","3287590","2973190","476.6507","1.0068","0.1777","2"
"US","United States","338289.8570","336997.624","335942.003","375391.963","352162.301","324607.776","311182.845","282398.554","248083.732","223140.018","200328.340","9372610","9147420","36.9820","1.0038","0.0424","3"
"ID","Indonesia","275501.3390","273753.191","271857.970","317225.213","292150.100","259091.970","244016.173","214072.421","182159.874","148177.096","115228.394","1904569","1877519","146.7369","1.0064","0.0345","4"
"PK","Pakistan","235824.8620","231402.117","227196.741","367808.468","274029.836","210969.298","194454.498","154369.924","115414.069","80624.057","59290.872","881912","770880","305.9164","1.0191","0.0296","5"
"NG","Nigeria","218541.2120","213401.323","208327.405","377459.883","262580.426","183995.785","160952.853","122851.984","95214.257","72951.439","55569.264","923768","910770","239.9521","1.0241","0.0274","6"
"BR","Brazil","215313.4980","214326.223","213196.304","230885.725","223908.968","205188.205","196353.492","175873.720","150706.446","122288.383","96369.875","8515767","8358140","25.7609","1.0046","0.0270","7"
"BD","Bangladesh","171186.3720","169356.251","167420.951","203904.900","184424.144","157830.000","148391.139","129193.327","107147.651","83929.765","67541.860","147570","130170","1315.0985","1.0108","0.0215","8"
"RU","Russia","144713.3140","145102.755","145617.329","133133.035","141432.741","144668.389","143242.599","146844.839","148005.704","138257.420","130093.010","17098242","16376870","8.8364","0.9973","0.0181","9"
"MX","Mexico","127504.1250","126705.138","125998.302","143772.364","134534.107","120149.897","112532.401","97873.442","81720.428","67705.186","50289.306","1964375","1943950","65.5902","1.0063","0.0160","10"
"JP","Japan","123951.6920","124612.530","125244.761","103784.357","118514.802","127250.933","128105.431","126803.861","123686.321","117624.196","105416.839","377930","364500","340.0595","0.9947","0.0155","11"
"ET","Ethiopia","123379.9240","120283.026","117190.911","214812.309","149296.378","102471.895","89237.791","67031.867","47878.073","34945.469","28308.246","1104300","1128571.3000","109.3240","1.0257","0.0155","12"
"PH","Philippines","115559.0090","113880.328","112190.977","157891.622","129453.321","103031.365","94636.700","77958.223","61558.898","48419.546","37435.586","342353","298170","387.5608","1.0147","0.0145","13"
"EG","Egypt","110990.1030","109262.178","107465.134","160339.889","125151.725","97723.799","87252.413","71371.371","57214.630","43748.556","34781.986","1002450","995450","111.4974","1.0158","0.0139","14"
"CD","DR Congo","99010.2120","95894.118","92853.164","217494.003","127582.053","78656.904","66391.257","48616.317","35987.541","26708.686","20151.733","2344858","2267050","43.6736","1.0325","0.0124","15"
"VN","Vietnam","98186.8560","97468.029","96648.685","107012.939","102699.905","92191.398","87411.012","79001.142","66912.613","52968.270","41928.849","331212","313429","313.2667","1.0074","0.0123","16"
"IR","Iran","88550.5700","87923.432","87290.193","99007.204","92921.017","81790.841","75373.855","65544.383","55793.629","38520.664","28449.705","1648195","1622500","54.5766","1.0071","0.0111","17"
"TR","Turkey","85341.2410","84775.404","84135.428","95829.258","88879.698","79646.178","73195.345","64113.547","54324.142","44089.069","35540.990","783562","783562","108.9145","1.0067","0.0107","18"
"DE","Germany","83369.8430","83408.554","83328.988","78932.228","82762.675","82073.226","81325.090","81551.677","79370.196","77786.703","78294.583","357114","349390","238.6154","0.9995","0.0105","19"
"TH","Thailand","71697.0300","71601.103","71475.664","67880.083","72060.018","70294.397","68270.489","63066.603","55228.410","45737.753","35791.728","513120","510890","140.3375","1.0013","0.0090","20"
"GB","United Kingdom","67508.9360","67281.039","67059.474","71684.966","69175.770","65224.364","62760.039","58850.043","57210.442","56326.328","55650.166","242900","241930","279.0433","1.0034","0.0085","21"
"TZ","Tanzania","65497.7480","63588.334","61704.518","129931.520","81885.304","52542.823","45110.527","34463.704","26206.012","19297.659","13618.192","945087","885800","73.9419","1.0300","0.0082","22"
"FR","France","64626.6280","64531.444","64480.053","65827.072","65543.452","63809.769","62444.567","58665.453","56412.897","53713.830","50523.586","551695","547557","118.0272","1.0015","0.0081","23"
"ZA","South Africa","59893.8850","59392.255","58801.927","73529.753","64659.278","55876.504","51784.921","46813.266","39877.570","29463.549","22368.306","1221037","1213090","49.3730","1.0084","0.0075","24"
"IT","Italy","59037.4740","59240.329","59500.579","52250.484","57544.258","60232.906","59822.450","56966.397","56756.561","56329.482","53324.036","301336","295717","199.6418","0.9966","0.0074","25"
"MM","Myanmar","54179.3060","53798.084","53423.198","59929.399","56987.625","51483.949","49390.988","45538.332","40099.553","33465.781","27284.112","676578","652670","83.0118","1.0071","0.0068","26"
"KE","Kenya","54027.4870","53005.614","51985.780","85211.739","63103.942","46851.488","41517.895","30851.606","23162.269","16187.124","11473.087","580367","569140","94.9283","1.0193","0.0068","27"
"CO","Colombia","51874.0240","51516.562","50930.662","56987.651","54129.764","47119.728","44816.108","39215.135","32601.393","26176.195","20905.254","1141748","1109500","46.7544","1.0069","0.0065","28"
"KR","South Korea","51815.8100","51830.139","51844.690","45770.874","51290.214","50994.401","48813.042","46788.591","44120.039","38170.501","32601.143","100210","97600","530.8997","0.9997","0.0065","29"
"ES","Spain","47558.6300","47486.935","47363.807","44219.565","47076.573","46431.342","46572.772","40741.651","38889.889","37491.666","33792.617","505992","499556.6000","95.2017","1.0015","0.0060","30"
"UG","Uganda","47249.5850","45853.778","44404.611","87622.081","58380.262","37477.356","32341.728","24020.697","17586.630","13284.026","10317.212","241550","200520","235.6353","1.0304","0.0059","31"
"SD","Sudan","46874.2040","45657.202","44440.486","84494.269","56997.099","38171.178","33739.933","26298.773","21090.886","16673.586","11305.206","1886068","1868000","25.0933","1.0267","0.0059","32"
"AR","Argentina","45510.3180","45276.780","45036.032","51621.175","47678.560","43257.065","41100.123","37070.774","32637.657","28024.803","23842.803","2780400","2736690","16.6297","1.0052","0.0057","33"
"DZ","Algeria","44903.2250","44177.969","43451.666","60001.113","49787.283","39543.154","35856.344","30774.621","25518.074","18739.378","13795.915","2381741","2381741","18.8531","1.0164","0.0056","34"
"IQ","Iraq","44496.1220","43533.592","42556.984","74515.140","52800.825","37757.813","31264.875","24628.858","17658.381","13653.369","9811.347","438317","434128","102.4954","1.0221","0.0056","35"
"AF","Afghanistan","41128.7710","40099.462","38972.230","74075.234","50330.837","33753.499","28189.672","19542.982","10694.796","12486.631","10752.971","652230","652230","63.0587","1.0257","0.0052","36"
"PL","Poland","39857.1450","38307.726","38428.366","34932.339","38700.518","38553.146","38597.353","38504.431","38064.255","35521.429","32482.943","312679","306130","130.1968","1.0404","0.0050","37"
"UA","Ukraine","39701.7390","43531.422","43909.666","32867.719","38295.429","44982.564","45683.020","48879.755","51589.817","49973.920","47279.086","603500","579400","68.5222","0.9120","0.0050","38"
"CA","Canada","38454.3270","38155.012","37888.705","45890.819","41008.596","35732.126","33963.412","30683.313","27657.204","24511.510","21434.577","9984670","8965590","4.2891","1.0078","0.0048","39"
"MA","Morocco","37457.9710","37076.584","36688.772","45044.990","40226.395","34680.458","32464.865","28554.415","24570.814","19678.444","15274.351","446550","446300","83.9300","1.0103","0.0047","40"
"SA","Saudi Arabia","36408.8200","35950.396","35997.107","48374.543","40461.368","32749.848","29411.929","21547.390","16004.763","10171.710","6106.191","2149690","2149690","16.9368","1.0128","0.0046","41"
"AO","Angola","35588.9870","34503.774","33428.486","72328.068","44911.664","28127.721","23364.185","16394.062","11828.638","8330.047","6029.700","1246700","1246700","28.5466","1.0315","0.0045","42"
"UZ","Uzbekistan","34627.6520","34081.449","33526.656","45593.149","38313.228","30949.417","28614.227","24925.554","20579.100","15947.129","12011.361","447400","440650","78.5831","1.0160","0.0043","43"
"PE","Peru","34049.5880","33715.471","33304.756","42022.554","36702.393","30711.863","29229.572","26654.439","22109.099","17492.406","13562.371","1285216","1280000","26.6012","1.0099","0.0043","44"
"MY","Malaysia","33938.2210","33573.874","33199.993","41032.433","36687.569","31068.833","28717.731","22945.150","17517.054","13215.707","10306.508","330803","328550","103.2970","1.0109","0.0043","45"
"YE","Yemen","33696.6140","32981.641","32284.046","55296.331","39923.245","28516.545","24743.946","18628.700","13375.121","9204.938","6843.607","527968","527970","63.8230","1.0217","0.0042","46"
"GH","Ghana","33475.8700","32833.031","32180.401","52231.785","38775.850","28870.939","25574.719","19665.502","15446.982","11865.246","8861.895","238533","227533","147.1253","1.0196","0.0042","47"
"MZ","Mozambique","32969.5180","32077.072","31178.239","63044.497","40920.707","26843.246","23073.723","17768.505","13303.459","11413.587","8411.676","801590","786380","41.9257","1.0278","0.0041","48"
"NP","Nepal","30547.5800","30034.989","29348.627","37401.365","33133.395","27610.325","27161.567","24559.500","19616.530","15600.442","12501.285","147181","143350","213.0979","1.0171","0.0038","49"
"MG","Madagascar","29611.7140","28915.653","28225.177","51592.965","35604.443","24850.912","21731.053","16216.431","11882.762","8948.162","6639.751","587041","581800","50.8967","1.0241","0.0037","50"
"VE","Venezuela","28301.6960","28199.867","28490.453","35937.404","32027.461","30529.716","28715.022","24427.729","19750.579","15210.443","11355.475","916445","882050","32.0863","1.0036","0.0035","51"
"CI","Ivory Coast","28160.5420","27478.249","26811.790","51358.243","34211.272","23596.741","21120.042","16799.670","11910.540","8303.810","5477.086","322463","318000","88.5552","1.0248","0.0035","52"
"CM","Cameroon","27914.5360","27198.628","26491.087","51279.560","34051.103","23012.646","19878.036","15091.594","11430.520","8519.891","6452.787","475442","472710","59.0521","1.0263","0.0035","53"
"NE","Niger","26207.9770","25252.722","24333.639","67043.296","35217.942","20128.124","16647.543","11622.665","8370.648","6173.177","4669.708","1267000","1266700","20.6900","1.0378","0.0033","54"
"AU","Australia","26177.4130","25921.089","25670.051","32192.919","28202.414","23820.236","22019.168","19017.963","17048.003","14706.322","12595.034","7692024","7692020","3.4032","1.0099","0.0033","55"
"KP","North Korea","26069.4160","25971.909","25867.467","25807.197","26569.401","25258.015","24686.435","23367.059","20799.523","17973.650","14996.879","120538","120410","216.5054","1.0038","0.0033","56"
"TW","Taiwan","23893.3940","23859.912","23821.464","22445.526","24027.999","23512.136","23083.083","22194.731","20586.174","18100.281","14957.870","36193","36197","660.0932","1.0014","0.0030","57"
"BF","Burkina Faso","22673.7620","22100.683","21522.626","40541.548","27523.563","18718.019","16116.845","11882.888","9131.361","6932.967","5611.666","272967","273600","82.8719","1.0259","0.0028","58"
"ML","Mali","22593.5900","21904.983","21224.040","47439.802","28712.294","18112.907","15529.181","11239.101","8945.026","7372.581","6153.587","1240192","1220190","18.5165","1.0314","0.0028","59"
"SY","Syria","22125.2490","21324.367","20772.595","38306.374","29824.735","19205.178","22337.563","16307.654","12408.996","8898.954","6319.199","185180","183630","120.4882","1.0376","0.0028","60"
"LK","Sri Lanka","21832.1430","21773.441","21715.079","21814.985","22186.970","21336.697","20668.557","18776.371","17204.094","14943.645","12388.769","65610","61860","352.9283","1.0027","0.0027","61"
"MW","Malawi","20405.3170","19889.742","19377.061","37159.300","24944.243","16938.942","14718.422","11229.387","9539.665","6267.369","4625.141","118484","94280","216.4331","1.0259","0.0026","62"
"ZM","Zambia","20017.6750","19473.125","18927.715","37460.435","24676.417","16248.230","13792.086","9891.136","7686.401","5720.438","4281.671","752612","743390","26.9276","1.0280","0.0025","63"
"RO","Romania","19659.2670","19328.560","19442.038","17457.213","19023.383","19906.079","20335.211","21919.876","22836.234","22125.224","19922.618","238391","230080","85.4454","1.0171","0.0025","64"
"CL","Chile","19603.7330","19493.184","19300.315","20675.378","19933.769","17870.124","17004.162","15351.799","13342.868","11469.828","9820.481","756102","743532","26.3657","1.0057","0.0025","65"
"KZ","Kazakhstan","19397.9980","19196.465","18979.243","25609.978","21128.221","17835.909","16627.837","15236.253","16866.563","14172.710","12265.305","2724900","2699700","7.1852","1.0105","0.0024","66"
"EC","Ecuador","18001","17797.737","17588.595","22269.779","19486.952","16195.902","14989.585","12626.507","10449.837","8135.845","6172.215","276841","248360","72.4795","1.0114","0.0023","67"
"GT","Guatemala","17843.9080","17608.483","17362.718","24600.727","20003.638","16001.107","14543.121","11735.894","9084.780","6987.767","5453.208","108889","107160","166.5165","1.0134","0.0022","68"
"TD","Chad","17723.3150","17179.740","16644.701","36452.035","22460.393","14140.274","11894.727","8259.137","5827.069","4408.230","3667.394","1284000","1259200","14.0751","1.0316","0.0022","69"
"SO","Somalia","17597.5110","17065.581","16537.016","36462.830","22316.857","13763.906","12026.649","8721.465","6999.096","5892.224","3720.977","637657","627340","28.0510","1.0312","0.0022","70"
"NL","Netherlands","17564.0140","17501.696","17434.557","17897.025","17943.803","17041.107","16617.117","15899.135","14944.548","14130.387","13037.686","41850","33670","521.6517","1.0036","0.0022","71"
"SN","Senegal","17316.4490","16876.720","16436.120","32562.869","21125.872","14356.181","12530.121","9704.287","7536.001","5703.869","4367.744","196722","192530","89.9416","1.0261","0.0022","72"
"KH","Cambodia","16767.8420","16589.023","16396.860","20258.435","18084.248","15417.523","14363.532","12118.841","8910.808","6198.959","6708.525","181035","176520","94.9912","1.0108","0.0021","73"
"ZW","Zimbabwe","16320.5370","15993.524","15669.666","26438.589","19179.393","14154.937","12839.771","11834.676","10113.893","7049.926","5202.918","390757","386850","42.1883","1.0204","0.0020","74"
"GN","Guinea","13859.3410","13531.906","13205.153","23711.700","16622.388","11625.998","10270.728","8336.967","6354.145","4972.609","4222.374","245857","245720","56.4030","1.0242","0.0017","75"
"RW","Rwanda","13776.6980","13461.888","13146.362","23030.046","16375.704","11642.959","10309.031","8109.989","7319.962","5247.532","3896.367","26338","24670","558.4393","1.0234","0.0017","76"
"BJ","Benin","13352.8640","12996.895","12643.123","25264.035","16393.827","10932.783","9445.710","6998.023","5133.419","3833.939","3023.443","112622","112760","118.4184","1.0274","0.0017","77"
"BI","Burundi","12889.5760","12551.213","12220.227","24208.671","15800.530","10727.148","9126.605","6307.659","5483.793","4312.834","3497.834","27834","25680","501.9305","1.0270","0.0016","78"
"TN","Tunisia","12356.1170","12262.946","12161.723","14315.779","13100.768","11557.779","10895.063","9893.316","8440.023","6578.156","5047.404","163610","155360","79.5322","1.0076","0.0015","79"
"BO","Bolivia","12224.1100","12079.472","11936.162","16609.854","13625.507","11090.085","10223.270","8592.656","7096.194","5736.088","4585.693","1098581","1083300","11.2841","1.0120","0.0015","80"
"BE","Belgium","11655.9300","11611.419","11561.717","12090.657","11873.460","11248.303","10877.947","10264.343","9959.560","9828.986","9629.376","30528","30280","384.9382","1.0038","0.0015","81"
"HT","Haiti","11584.9960","11447.569","11306.801","15087.520","12700.006","10563.757","9842.880","8360.225","6925.331","5646.676","4680.812","27750","27560","420.3554","1.0120","0.0015","82"
"JO","Jordan","11285.8690","11148.278","10928.721","15005.941","11933.395","9494.246","6931.258","5056.174","3480.587","2216.903","1557.374","89342","88794","127.1017","1.0123","0.0014","83"
"DO","Dominican Republic","11228.8210","11117.873","10999.664","13180.541","11982.523","10405.832","9775.755","8540.791","7129.004","5755.800","4475.871","48671","48310","232.4326","1.0100","0.0014","84"
"CU","Cuba","11212.1910","11256.372","11300.698","10028.085","11016.041","11339.894","11290.417","11105.791","10626.680","9809.107","8869.636","109884","103800","108.0173","0.9961","0.0014","85"
"SS","South Sudan","10913.1640","10748.272","10606.227","17460.846","12570.402","11194.299","9714.419","6114.440","4750.817","4192.012","3342.410","619745","631930","17.2696","1.0153","0.0014","86"
"SE","Sweden","10549.3470","10467.097","10368.969","11902.033","11007.228","9849.349","9381.729","8871.043","8548.406","8311.763","8027.702","450295","407283.5000","25.9017","1.0079","0.0013","87"
"CZ","Czech Republic","10493.9860","10510.751","10530.953","10577.126","10515.199","10523.798","10464.749","10234.710","10301.192","10270.060","9795.744","78865","77198.5000","135.9351","0.9984","0.0013","88"
"HN","Honduras","10432.8600","10278.345","10121.763","14258.514","11724.522","9294.505","8450.933","6656.725","5053.234","3777.990","2782.753","112492","111890","93.2421","1.0150","0.0013","89"
"GR","Greece","10384.9710","10445.365","10512.232","9144.951","10059.703","10806.641","11033.783","11038.109","10302.255","9307.148","8544.873","131990","128900","80.5661","0.9942","0.0013","90"
"AZ","Azerbaijan","10358.0740","10312.992","10284.951","10867.296","10711.138","9863.480","9237.202","8190.337","7427.836","6383.060","5425.317","86600","82646","125.3306","1.0044","0.0013","91"
"PT","Portugal","10270.8650","10290.103","10298.192","9261.305","10062.183","10365.435","10588.401","10300.626","10007.346","9785.252","8683.631","92090","91605.6000","112.1205","0.9981","0.0013","92"
"PG","Papua New Guinea","10142.6190","9949.437","9749.640","14910.369","11615.322","8682.174","7583.269","5508.297","3864.972","3104.788","2489.059","462840","452860","22.3968","1.0194","0.0013","93"
"HU","Hungary","9967.3080","9709.786","9750.573","8817.396","9642.912","9844.246","9986.825","10202.055","10375.989","10698.679","10315.366","93028","91260","109.2188","1.0265","0.0012","94"
"TJ","Tajikistan","9952.7870","9750.064","9543.207","15200.989","11421.430","8524.063","7621.779","6272.998","5417.860","4045.965","2993.019","143100","138790","71.7111","1.0208","0.0012","95"
"BY","Belarus","9534.9540","9578.167","9633.740","8409.632","9206.170","9700.609","9731.427","10256.483","10428.525","9817.257","9170.786","207600","202980","46.9748","0.9955","0.0012","96"
"AE","United Arab Emirates","9441.1290","9365.145","9287.289","11449.471","10004.319","8916.899","8481.771","3275.333","1900.151","1014.048","298.084","83600","71020","132.9362","1.0081","0.0012","97"
"IL","Israel","9038.3090","8900.059","8757.489","12991.790","10134.951","8007.778","7328.445","6116.958","4803.254","3744.608","2907.307","20770","21640","417.6668","1.0155","0.0011","98"
"AT","Austria","8939.6170","8922.082","8907.777","8924.190","9054.576","8642.421","8362.829","8010.428","7678.729","7547.561","7465.301","83871","82520","108.3327","1.0020","0.0011","99"
"TG","Togo","8848.6990","8644.829","8442.580","15478.883","10558.178","7473.229","6571.855","5008.035","3875.947","2838.110","2197.383","56785","54390","162.6898","1.0236","0.0011","100"
"CH","Switzerland","8740.4720","8691.406","8638.613","9753.753","9143.698","8281.732","7822.435","7182.059","6711.693","6319.113","6181.227","41284","39516","221.1882","1.0056","0.0011","101"
"SL","Sierra Leone","8605.7180","8420.641","8233.970","13595.023","10105.188","7314.773","6436.698","4584.067","4325.388","3367.477","2778.557","71740","72180","119.2258","1.0220","0.0011","102"
"LA","Laos","7529.4750","7425.057","7319.399","9775.552","8321.287","6787.419","6323.418","5430.853","4314.443","3297.519","2675.283","236800","230800","32.6234","1.0141","0.0009","103"
"HK","Hong Kong","7488.8650","7494.578","7500.958","6975.391","7485.887","7399.838","7132.438","6731.195","5838.574","4978.544","3955.072","1104","1050","7132.2524","0.9992","0.0009","104"
"RS","Serbia","7221.3650","7296.769","7358.005","5777.806","6832.604","7519.496","7653.748","7935.022","7987.529","7777.010","7193.533","88361","87460","82.5676","0.9897","0.0009","105"
"NI","Nicaragua","6948.3920","6850.540","6755.895","9094.641","7688.686","6298.598","5855.734","5123.222","4227.820","3303.309","2444.767","130373","120340","57.7397","1.0143","0.0009","106"
"LY","Libya","6812.3410","6735.277","6653.942","8539.976","7394.813","6192.235","6491.988","5154.790","4236.983","2962.720","1909.177","1759540","1759540","3.8717","1.0114","0.0009","107"
"BG","Bulgaria","6781.9530","6885.868","6979.175","5187.392","6290.166","7309.253","7592.273","8097.691","8767.778","8980.606","8582.950","110879","108560","62.4719","0.9849","0.0009","108"
"PY","Paraguay","6780.7440","6703.799","6618.695","8591.486","7425.448","6177.950","5768.613","5123.819","4059.195","3078.912","2408.787","406752","397300","17.0671","1.0115","0.0009","109"
"KG","Kyrgyzstan","6630.6230","6527.743","6424.874","9426.858","7435.378","5914.980","5483.774","4935.182","4394.734","3691.209","3016.384","199951","191800","34.5705","1.0158","0.0008","110"
"TM","Turkmenistan","6430.7700","6341.855","6250.438","8263.833","7034.758","5766.431","5267.970","4569.132","3720.278","2862.903","2201.432","488100","469930","13.6845","1.0140","0.0008","111"
"SV","El Salvador","6336.3920","6314.167","6292.731","6636.854","6554.224","6231.066","6114.034","5958.482","5367.179","4508.992","3619.090","21041","20720","305.8104","1.0035","0.0008","112"
"SG","Singapore","5975.6890","5941.060","5909.869","6337.235","6251.988","5650.018","5163.590","4053.602","3022.209","2400.729","2061.831","710","718","8322.6866","1.0058","0.0007","113"
"CG","Republic of the Congo","5970.4240","5835.806","5702.174","10378.912","7114.987","5064.386","4437.884","3134.030","2385.435","1829.256","1396.989","342000","341500","17.4829","1.0231","0.0007","114"
"DK","Denmark","5882.2610","5854.240","5825.641","6445.109","6104.474","5677.796","5550.849","5340.655","5144.623","5125.392","4922.963","43094","40000","147.0565","1.0048","0.0007","115"
"SK","Slovakia","5643.4530","5447.622","5456.681","5186.967","5555.114","5424.444","5396.424","5376.690","5261.305","4973.883","4522.867","49037","49035","115.0903","1.0359","0.0007","116"
"CF","Central African Republic","5579.1440","5457.154","5343.020","11533.423","7104.274","4819.333","4660.067","3759.170","2809.221","2415.276","2067.356","622984","622980","8.9556","1.0224","0.0007","117"
"FI","Finland","5540.7450","5535.992","5529.468","5460.917","5565.475","5479.461","5363.271","5176.209","4986.545","4779.418","4606.621","338424","303940","18.2297","1.0009","0.0007","118"
"LB","Lebanon","5489.7390","5592.631","5662.923","4937.579","4714.240","6398.940","4995.800","4320.642","3593.700","2963.702","2381.791","10452","10230","536.6314","0.9816","0.0007","119"
"NO","Norway","5434.3190","5403.021","5379.839","6367.559","5748.397","5190.356","4889.741","4491.202","4241.636","4085.776","3875.546","323802","364285","14.9178","1.0058","0.0007","120"
"LR","Liberia","5302.6810","5193.416","5087.584","8890.700","6282.074","4612.329","4019.956","2895.224","2209.731","1932.169","1463.563","111369","96320","55.0528","1.0210","0.0007","121"
"PS","Palestine","5250.0720","5133.392","5019.401","8861.747","6256.949","4484.614","3992.278","3139.954","2124.609","1453.620","1118.241","6220","6020","872.1050","1.0227","0.0007","122"
"NZ","New Zealand","5185.2880","5129.727","5061.133","5949.002","5495.670","4590.590","4346.338","3855.266","3397.389","3147.168","2824.061","270467","263310","19.6927","1.0108","0.0007","123"
"CR","Costa Rica","5180.8290","5153.957","5123.105","5702.525","5432.243","4895.242","4622.252","3979.193","3158.253","2414.303","1855.697","51100","51060","101.4655","1.0052","0.0006","124"
"IE","Ireland","5023.1090","4986.526","4946.119","5724.686","5266.881","4665.760","4524.585","3768.950","3485.374","3391.387","2937.637","70273","68890","72.9149","1.0073","0.0006","125"
"MR","Mauritania","4736.1390","4614.974","4498.604","8914.673","5830.563","3946.220","3419.461","2695.003","2006.027","1506.694","1122.198","1030700","1030700","4.5951","1.0263","0.0006","126"
"OM","Oman","4576.2980","4520.471","4543.399","6328.978","5093.376","4191.776","2881.914","2344.253","1804.524","1017.462","670.693","309500","309500","14.7861","1.0123","0.0006","127"
"PA","Panama","4408.5810","4351.267","4294.396","5736.121","4864.126","3957.099","3623.617","3001.731","2449.968","1956.987","1516.188","75417","74180","59.4309","1.0132","0.0006","128"
"KW","Kuwait","4268.8730","4250.114","4360.444","5155.414","4564.570","3908.743","2943.356","1934.901","1674.938","1493.870","802.786","17818","17820","239.5552","1.0044","0.0005","129"
"HR","Croatia","4030.3580","4060.135","4096.869","3333.425","3850.140","4254.815","4368.682","4548.434","4873.707","4680.144","4492.638","56594","55960","72.0221","0.9927","0.0005","130"
"GE","Georgia","3744.3850","3757.980","3765.912","3384.660","3657.494","3771.132","3836.831","4265.172","5391.636","5145.843","4800.426","69700","69490","53.8838","0.9964","0.0005","131"
"ER","Eritrea","3684.0320","3620.312","3555.868","5964.021","4283.355","3340.006","3147.727","2392.880","2149.960","1657.982","1272.748","117600","121040.8000","30.4363","1.0176","0.0005","132"
"UY","Uruguay","3422.7940","3426.260","3429.086","3337.143","3423.372","3402.818","3352.651","3292.224","3117.012","2953.750","2790.265","181034","175020","19.5566","0.9990","0.0004","133"
"MN","Mongolia","3398.3660","3347.782","3294.335","4518.856","3736.327","2964.749","2702.520","2450.979","2161.433","1697.780","1293.880","1564110","1557506.8000","2.1819","1.0151","0.0004","134"
"MD","Moldova","3272.9960","3061.506","3084.847","2997.532","3174.727","3277.388","3678.186","4251.573","4480.199","4103.240","3711.140","33846","32884.6000","99.5297","1.0691","0.0004","135"
"PR","Puerto Rico","3252.4070","3256.028","3271.564","2727.624","3259.722","3497.335","3717.922","3827.108","3543.776","3214.568","2737.619","8870","8870","366.6750","0.9989","0.0004","136"
"BA","Bosnia and Herzegovina","3233.5260","3270.943","3318.407","2739.014","3111.789","3524.324","3811.088","4179.350","4494.310","4199.820","3815.561","51209","51200","63.1548","0.9886","0.0004","137"
"AL","Albania","2842.3210","2854.710","2866.849","2456.472","2789.599","2882.481","2913.399","3182.021","3295.066","2941.651","2324.731","28748","27400","103.7343","0.9957","0.0004","138"
"JM","Jamaica","2827.3770","2827.695","2820.436","2493.823","2804.356","2794.445","2733.896","2612.205","2392.030","2135.546","1859.091","10991","10830","261.0690","0.9999","0.0004","139"
"AM","Armenia","2780.4690","2790.974","2805.608","2573.465","2759.528","2878.595","2946.293","3168.523","3556.539","3135.123","2534.377","29743","28470","97.6631","0.9962","0.0003","140"
"LT","Lithuania","2750.0550","2786.651","2820.267","2187.550","2558.928","2963.765","3139.019","3599.637","3785.847","3521.206","3210.147","65300","62620","43.9166","0.9869","0.0003","141"
"GM","Gambia","2705.9920","2639.916","2573.995","4673.743","3263.651","2253.133","1937.275","1437.539","1040.616","718.586","528.731","10689","10120","267.3905","1.0250","0.0003","142"
"QA","Qatar","2695.1220","2688.235","2760.385","3358.454","2855.291","2414.573","1713.504","645.937","441.675","277.450","118.007","11586","11490","234.5624","1.0026","0.0003","143"
"BW","Botswana","2630.2960","2588.423","2546.402","3679.340","2972.271","2305.171","2091.664","1726.985","1341.474","938.578","592.244","582000","566730","4.6412","1.0162","0.0003","144"
"NA","Namibia","2567.0120","2530.151","2489.098","3779.918","2910.056","2282.704","2099.271","1819.141","1369.011","975.994","754.467","825615","823290","3.1180","1.0146","0.0003","145"
"GA","Gabon","2388.9920","2341.179","2292.573","3757.053","2774.523","2028.517","1711.105","1272.935","983.028","749.078","597.192","267668","257670","9.2715","1.0204","0.0003","146"
"LS","Lesotho","2305.8250","2281.454","2254.100","2898.369","2501.946","2118.521","2022.747","1998.630","1798.997","1407.672","1023.481","30355","30360","75.9494","1.0107","0.0003","147"
"SI","Slovenia","2119.8440","2119.410","2117.641","2003.258","2105.945","2080.862","2057.287","1984.339","1986.024","1901.570","1741.286","20273","20136.4000","105.2742","1.0002","0.0003","148"
"GW","Guinea-Bissau","2105.5660","2060.721","2015.828","3445.289","2484.863","1788.919","1567.220","1230.849","973.551","831.462","591.663","36125","28120","74.8779","1.0218","0.0003","149"
"MK","North Macedonia","2093.5990","2103.330","2111.072","1909.309","2072.256","2107.962","2093.828","2037.936","2044.174","1907.023","1656.783","25713","25220","83.0134","0.9954","0.0003","150"
"LV","Latvia","1850.6510","1873.919","1897.052","1433.728","1701.338","1991.955","2101.530","2392.530","2689.391","2572.037","2397.414","64559","62230","29.7389","0.9876","0.0002","151"
"GQ","Equatorial Guinea","1674.9080","1634.466","1596.049","2790.533","1999.678","1346.973","1094.524","684.977","465.549","282.509","316.955","28051","28050","59.7115","1.0247","0.0002","152"
"TT","Trinidad and Tobago","1531.0440","1525.663","1518.147","1485.139","1547.690","1460.177","1410.296","1332.203","1266.518","1127.852","988.890","5130","5130","298.4491","1.0035","0.0002","153"
"BH","Bahrain","1472.2330","1463.265","1477.469","1809.237","1574.679","1362.142","1213.645","711.442","517.418","362.595","222.555","765","785","1875.4561","1.0061","0.0002","154"
"TL","Timor-Leste","1341.2960","1320.942","1299.995","1806.869","1495.081","1205.813","1088.486","878.360","758.106","642.224","554.021","14874","14870","90.2015","1.0154","0.0002","155"
"EE","Estonia","1326.0620","1328.701","1329.444","1171.695","1289.441","1314.657","1331.535","1396.877","1570.674","1476.983","1361.999","45227","42750","31.0190","0.9980","0.0002","156"
"MU","Mauritius","1299.4690","1298.915","1297.828","1226.235","1305.425","1293.153","1283.330","1215.930","1090.290","954.865","830.115","2040","2030","640.1325","1.0004","0.0002","157"
"CY","Cyprus","1251.4880","1244.188","1237.537","1391.785","1311.784","1187.280","1129.686","948.237","788.500","679.327","640.804","9251","9240","135.4424","1.0059","0.0002","158"
"SZ","Eswatini","1201.6700","1192.271","1180.655","1655.121","1305.985","1133.936","1099.920","1030.496","854.011","598.564","442.865","17364","17200","69.8645","1.0079","0.0002","159"
"DJ","Djibouti","1120.8490","1105.557","1090.156","1502.575","1247.129","1006.259","919.199","742.033","577.173","324.121","144.379","23200","23180","48.3541","1.0138","0.0001","160"
"RE","Reunion","974.0520","966.129","957.822","1127.252","1031.822","922.495","890.130","785.424","658.992","551.674","473.925","2511","2512","387.7596","1.0082","0.0001","161"
"FJ","Fiji","929.7660","924.610","920.422","1094.174","986.172","917.200","905.169","832.509","780.430","644.582","527.634","18272","18270","50.8903","1.0056","0.0001","162"
"KM","Comoros","836.7740","821.625","806.166","1246.207","959.412","730.216","656.024","536.758","431.119","328.328","242.351","1862","1861","449.6368","1.0184","0.0001","163"
"GY","Guyana","808.7260","804.567","797.202","878.746","848.033","755.031","747.932","759.051","747.116","778.176","705.261","214969","196850","4.1083","1.0052","0.0001","164"
"BT","Bhutan","782.4550","777.486","772.506","874.294","821.498","743.274","705.516","587.207","558.442","415.257","298.894","38394","38140","20.5153","1.0064","0.0001","165"
"SB","Solomon Islands","724.2730","707.851","691.191","1225.407","856.264","612.660","540.394","429.978","324.171","233.668","172.833","28896","27990","25.8761","1.0232","0.0001","166"
"LU","Luxembourg","647.5990","639.321","630.399","781.910","697.086","569.408","507.070","435.628","381.267","363.741","339.342","2586","2574.5000","251.5436","1.0129","0.0001","168"
"ME","Montenegro","627.0820","627.859","629.048","586.385","621.696","633.966","631.044","633.324","621.442","589.324","530.268","13812","13450","46.6232","0.9988","0.0001","169"
"SR","Suriname","618.0400","612.985","607.065","725.519","659.508","575.475","546.080","478.998","412.756","375.112","379.918","163820","156000","3.9618","1.0082","0.0001","170"
"CV","Cape Verde","593.1490","587.925","582.640","727.457","638.840","552.166","521.212","458.251","364.563","317.234","287.262","4033","4033","147.0739","1.0089","0.0001","171"
"EH","Western Sahara","575.9860","565.581","556.048","851.067","662.726","491.824","413.296","270.375","178.529","116.775","76.371","266000","266000","2.1654","1.0184","0.0001","172"
"MT","Malta","533.2860","526.748","515.358","522.737","543.425","456.579","418.755","399.212","365.392","333.587","315.414","316","320","1666.5187","1.0124","0.0001","173"
"MV","Maldives","523.7870","521.457","514.438","569.909","512.683","435.582","361.575","282.507","224.957","164.887","123.243","300","300","1745.9567","1.0045","0.0001","174"
"BN","Brunei","449.0020","445.373","441.725","498.373","473.312","421.437","396.053","333.926","261.928","187.921","133.343","5765","5270","85.1996","1.0081","0.0001","175"
"BS","Bahamas","409.9840","407.906","406.471","450.625","429.846","392.697","373.272","325.014","270.679","223.752","179.129","13943","10010","40.9574","1.0051","0.0001","176"
"BZ","Belize","405.2720","400.031","394.921","538.838","450.428","359.871","322.106","240.406","182.589","145.133","120.905","22966","22810","17.7673","1.0131","0.0001","177"
"GP","Guadeloupe","395.7520","396.051","395.642","388.861","399.728","399.089","403.072","424.067","391.951","334.234","318.310","1628","1628","243.0909","0.9992","0.0000","178"
"IS","Iceland","372.8990","370.335","366.669","408.783","390.338","331.060","318.333","281.462","255.019","228.263","204.468","103000","100830","3.6983","1.0069","0.0000","179"
"MQ","Martinique","367.5070","368.796","370.391","330.121","362.472","383.515","392.181","432.543","374.271","333.786","326.428","1128","1128","325.8041","0.9965","0.0000","180"
"VU","Vanuatu","326.7400","319.137","311.685","578.567","391.135","276.438","245.453","192.074","150.882","118.156","87.019","12189","12190","26.8039","1.0238","0.0000","181"
"YT","Mayotte","326.1010","316.014","305.587","664.141","407.579","249.545","211.786","159.215","92.659","52.233","35.383","374","374","871.9278","1.0319","0.0000","182"
"GF","French Guiana","304.5570","297.449","290.969","532.459","366.669","257.026","228.453","164.351","113.931","66.825","46.484","83534","83534","3.6459","1.0239","0.0000","184"
"BB","Barbados","281.6350","281.200","280.693","267.788","283.082","278.083","274.711","264.657","258.868","253.575","241.397","430","430","654.9651","1.0015","0.0000","186"
"ST","Sao Tome and Principe","227.3800","223.107","218.641","366.663","265.036","201.124","182.138","143.714","120.343","97.210","77.583","964","960","236.8542","1.0192","0.0000","187"
"WS","Samoa","222.3820","218.764","214.929","320.016","248.627","203.571","194.672","184.008","168.186","164.905","142.771","2842","2780","79.9935","1.0165","0.0000","188"
"LC","Saint Lucia","179.8570","179.651","179.237","177.856","183.274","175.623","170.935","159.500","142.301","121.633","103.090","616","610","294.8475","1.0011","0.0000","190"
"KI","Kiribati","131.2320","128.874","126.463","188.570","148.720","116.707","107.995","88.826","75.124","60.813","57.437","811","810","162.0148","1.0183","0.0000","192"
"GD","Grenada","125.4380","124.610","123.663","136.253","130.367","118.980","114.039","107.432","99.047","94.838","98.794","344","340","368.9353","1.0066","0.0000","193"
"FM","Micronesia","114.1640","113.131","112.106","135.457","122.704","109.462","107.588","111.709","98.603","76.299","58.989","702","700","163.0914","1.0091","0.0000","194"
"SC","Seychelles","107.1180","106.471","105.530","116.644","111.317","99.240","92.409","80.060","71.057","65.290","54.379","452","460","232.8652","1.0061","0.0000","196"
"TO","Tonga","106.8580","106.017","105.254","131.225","114.124","106.122","107.383","102.603","98.727","96.708","86.484","747","720","148.4139","1.0079","0.0000","197"
"VC","Saint Vincent and the Grenadines","103.9480","104.332","104.632","101.691","104.322","106.482","109.308","113.813","112.487","107.480","98.459","389","390","266.5333","0.9963","0.0000","199"
"AG","Antigua and Barbuda","93.7630","93.219","92.664","99.030","97.510","89.941","85.695","75.055","63.328","64.889","64.517","442","440","213.0977","1.0058","0.0000","201"
"AD","Andorra","79.8240","79.034","77.700","80.504","81.528","71.746","71.519","66.097","53.569","35.611","19.860","468","470","169.8383","1.0100","0.0000","203"
"DM","Dominica","72.7370","72.412","71.995","74.167","74.988","70.007","68.755","68.346","69.481","72.978","68.895","751","750","96.9827","1.0045","0.0000","204"
"GL","Greenland","56.4660","56.243","56.026","53.997","57.152","55.895","56.351","56.184","55.599","50.106","45.434","2166086","410450","0.1376","1.0040","0.0000","208"
"KN","Saint Kitts and Nevis","47.6570","47.606","47.642","46.882","48.247","47.790","47.403","45.461","40.636","43.097","44.968","261","260","183.2962","1.0011","0.0000","211"
"MH","Marshall Islands","41.5690","42.050","43.413","51.211","44.733","49.410","53.416","54.224","46.047","31.988","23.969","181","180","230.9389","0.9886","0.0000","215"
"LI","Liechtenstein","39.3270","39.039","38.756","42.287","41.030","37.355","35.926","33.026","28.765","25.003","21.089","160","160","245.7937","1.0074","0.0000","216"
"MC","Monaco","36.4690","36.686","36.922","37.664","35.862","36.760","33.178","32.465","30.329","27.076","24.270","2","2","18234.5000","0.9941","0.0000","217"
"SM","San Marino","33.6600","33.745","34.007","32.044","33.458","33.570","31.608","26.823","23.132","21.346","18.169","61","60","561","0.9975","0.0000","218"
"PW","Palau","18.0550","18.024","17.972","16.689","17.919","17.794","18.540","19.726","15.293","12.252","11.366","459","460","39.2500","1.0017","0.0000","222"
"NR","Nauru","12.6680","12.511","12.315","14.695","13.358","11.185","10.241","10.377","9.598","7.635","6.663","21","20","633.4000","1.0125","0.0000","225"
"TV","Tuvalu","11.3120","11.204","11.069","13.211","11.917","10.877","10.550","9.638","9.182","7.731","5.814","26","30","377.0667","1.0096","0.0000","227"
"VA","Vatican City","0.5100","0.511","0.520","0.731","0.561","0.564","0.596","0.651","0.700","0.733","0.752","1","0.4400","1159.0909","0.9980","0.0000","234"